case_id,evidence_id,description,source_title,source_url,source_type,status,coding_note,physical,biological,digital,documentary,communication,location,forensic,testimonial,financial
C01,BTK-E01,"BTK sent communications to media, citizens, and police between 1974 and 1988, claiming responsibility for several killings.",FBI Serial Murder,https://www.fbi.gov/file-repository/stats-services-publications-serial-murder-serial-murder-july-2008-pdf,Government / FBI,Established,Communication is coded as documentary and communication evidence.,0,0,0,1,1,0,0,0,0
C01,BTK-E02,BTK sent crime-scene photographs to law enforcement and media.,FBI Kansas City History,https://www.fbi.gov/history/field-office-histories/kansascity,Government / FBI,Established,Photographs are coded as documentary and communication evidence; depicted locations are not automatically coded as location evidence.,0,0,0,1,1,0,0,0,0
C01,BTK-E03,"In 2004, BTK sent police a photograph of a murder victim who had not previously been linked to him.",FBI Kansas City History,https://www.fbi.gov/history/field-office-histories/kansascity,Government / FBI,Established,Coded as documentary and communication evidence; the photograph itself is not treated as location evidence.,0,0,0,1,1,0,0,0,0
C01,BTK-E04,The final BTK communication included a computer floppy disk.,FBI Serial Murder,https://www.fbi.gov/file-repository/stats-services-publications-serial-murder-serial-murder-july-2008-pdf,Government / FBI,Established,"The disk is physical, digital, documentary and communication evidence; its contents were forensically examined.",1,0,1,1,1,0,1,0,0
C01,BTK-E05,Investigators recovered a deleted file from the disk containing the name Dennis and a Wichita church.,FBI Kansas City History,https://www.fbi.gov/history/field-office-histories/kansascity,Government / FBI,Established,Digital/documentary evidence with a documented location association and forensic examination.,0,0,1,1,0,1,1,0,0
C01,BTK-E06,Computers and digital material associated with Rader were examined during the investigation.,FBI Digital Evidence and Forensics,https://leb.fbi.gov/bulletin-highlights/bulletin-reports/bulletin-reports-digital-evidence-and-forensics,Government / FBI,Established,Computer/device is physical and digital evidence; examination is forensic and associated with a documented location.,1,0,1,0,0,1,1,0,0
C01,BTK-E07,A search of Rader's home revealed souvenirs from victims.,FBI Kansas City History,https://www.fbi.gov/history/field-office-histories/kansascity,Government / FBI,Established,Physical evidence recovered at a documented location.,1,0,0,0,0,1,0,0,0
C01,BTK-E08,A search of Rader's home revealed abduction kits.,FBI Kansas City History,https://www.fbi.gov/history/field-office-histories/kansascity,Government / FBI,Established,Physical evidence recovered at a documented location.,1,0,0,0,0,1,0,0,0
C01,BTK-E09,DNA evidence was used during the investigation to help identify Rader.,FBI Kansas City History,https://www.fbi.gov/history/field-office-histories/kansascity,Government / FBI,Established,Coded as biological and forensic evidence.,0,1,0,0,0,0,1,0,0
C01,BTK-E10,"After his arrest, Rader confessed to the killings.",FBI Kansas City History,https://www.fbi.gov/history/field-office-histories/kansascity,Government / FBI,Established,"The confession is treated as communication and testimonial evidence, not automatically documentary evidence.",0,0,0,0,1,0,0,1,0
C02,GSK-E01,DNA from sexual-assault and homicide victims was linked to one person across the California cases.,NIJ: Serial Killer Connections Through Cold Cases,https://nij.ojp.gov/topics/articles/serial-killer-connections-through-cold-cases,Government / NIJ,Established,Represents the documented crime-scene biological evidence and cross-case linkage.,0,1,0,0,0,1,1,0,0
C02,GSK-E02,Forensic genetic genealogy was used with the unknown DNA profile to identify relatives and generate investigative leads.,NIJ: Just Science — Investigative Genetic Genealogy,https://nij.ojp.gov/library/publications/just-science-dna-just-investigative-genetic-genealogy,Government / NIJ,Established,Forensic genetic genealogy is coded as biological + forensic; the database/search process is not itself classified as digital evidence.,0,1,0,0,0,0,1,0,0
C02,GSK-E03,A biological sample from material discarded by Joseph DeAngelo provided the confirming DNA comparison.,NIJ: Serial Killer Connections Through Cold Cases,https://nij.ojp.gov/topics/articles/serial-killer-connections-through-cold-cases,Government / NIJ,Established,Physical biological material recovered from discarded material and used for forensic DNA comparison.,1,1,0,0,0,1,1,0,0
C02,GSK-E04,Fingerprints were lifted from Golden State Killer crime scenes.,FBI Evidence,https://www.fbi.gov/image-repository/sacramento-25.jpg/view,Government / FBI,Established,Fingerprint evidence is coded as physical + location + forensic; biological remains 0 because our biological feature is limited to biological material or DNA.,1,0,0,0,0,1,1,0,0
C02,GSK-E05,Shoe-tread impressions were collected from Golden State Killer crime scenes.,FBI Evidence,https://www.fbi.gov/image-repository/sacramento-25.jpg/view,Government / FBI,Established,Physical impression evidence associated with documented crime scenes and forensic examination.,1,0,0,0,0,1,1,0,0
C02,GSK-E06,"The offender ransacked homes and took coins, jewelry, and identification from victims.",FBI East Area Rapist / Golden State Killer Campaign,https://www.fbi.gov/contact-us/field-offices/sacramento/news/press-releases/fbi-announces-50-000-reward-and-national-campaign-to-identify-east-area-rapist-golden-state-killer,Government / FBI,Established,Physical items taken from documented crime locations; coded as physical and location evidence.,1,0,0,0,0,1,0,0,0
C02,GSK-E07,"During the series of burglaries, the offender took items including coins, jewelry, and identification from victims' homes.",FBI East Area Rapist / Golden State Killer Campaign,https://www.fbi.gov/contact-us/field-offices/sacramento/news/press-releases/fbi-announces-50-000-reward-and-national-campaign-to-identify-east-area-rapist-golden-state-killer,Government / FBI,Established,Specific physical property associated with documented crime locations; no inference is made that the property independently identified DeAngelo.,1,0,0,0,0,1,0,0,0
C02,GSK-E08,Investigators used fingerprints lifted from crime scenes as part of the evidence collected in the cold case.,FBI Evidence,https://www.fbi.gov/image-repository/sacramento-25.jpg/view,Government / FBI,Established,"Kept as a separate evidence category from the discarded biological sample; coded as physical, location-associated, and forensic, not biological under our definition.",1,0,0,0,0,1,1,0,0
C05,MAD-E01,"Madoff's account balances and paperwork showed major discrepancies, including balances off by more than $100 million.",Bernie Madoff Case,https://www.fbi.gov/history/cases-and-criminals/bernie-madoff,Government / FBI,Established,Financial and documentary evidence documenting discrepancies.,0,0,0,1,0,1,0,0,1
C05,MAD-E02,Madoff's staff created fake financial statements and strategies to match earlier paperwork.,Bernie Madoff Case,https://www.fbi.gov/history/cases-and-criminals/bernie-madoff,Government / FBI,Established,Financial/documentary evidence; the documents were fabricated records.,0,0,0,1,0,1,0,0,1
C05,MAD-E03,Real DTC statements were obtained and used as models for copied/fake statements.,Bernie Madoff Case,https://www.fbi.gov/history/cases-and-criminals/bernie-madoff,Government / FBI,Established,Documentary financial evidence; DTC records are official transaction-related records.,0,0,0,1,0,1,0,0,1
C05,MAD-E04,Computer programmers produced false documents and trading records to support the fraudulent scheme.,SEC: Jerome O'Hara and George Perez,https://www.sec.gov/enforcement-litigation/litigation-releases/lr-21292,Government / SEC,Established,Digital/documentary/financial evidence based on computer-produced records.,0,0,1,1,0,0,0,0,1
C05,MAD-E05,"Bogus trades, trade blotters, stock records, customer confirmations, and DTC reports were created to conceal the fraud.",SEC: Frank DiPascali,https://www.sec.gov/enforcement-litigation/litigation-releases/lr-21174,Government / SEC,Established,Financial and documentary records; many were fictitious and created after the fact.,0,0,0,1,0,0,0,0,1
C05,MAD-E06,The Ponzi account could not meet investor withdrawal requests; investors requested about $1.5 billion while only about $300 million was in the bank.,Bernie Madoff Case,https://www.fbi.gov/history/cases-and-criminals/bernie-madoff,Government / FBI,Established,Financial evidence representing the documented mismatch between liabilities/withdrawal requests and available funds.,0,0,0,1,0,1,0,0,1
C05,MAD-E07,Madoff told FBI agents there was no innocent explanation and that he had been running a massive Ponzi scheme.,Bernie Madoff Case,https://www.fbi.gov/history/cases-and-criminals/bernie-madoff,Government / FBI,Established,Coded as communication and testimonial evidence.,0,0,0,0,1,0,0,1,0
C05,MAD-E08,Frank DiPascali's testimony was described by the FBI as essential to the government's cases against Madoff's staff.,Bernie Madoff Case,https://www.fbi.gov/history/cases-and-criminals/bernie-madoff,Government / FBI,Established,Coded as testimonial evidence; no physical or financial feature is inferred merely from the subject matter of testimony.,0,0,0,0,1,0,0,1,0
C04,OKB-E01,A damaged rear axle from the truck bomb was recovered and contained a vehicle identification number.,Oklahoma City Bombing,https://www.fbi.gov/history/cases-and-criminals/oklahoma-city-bombing,Government / FBI,Established,Physical vehicle evidence associated with the bombing scene; identifying number was used for tracing.,1,0,0,1,0,1,1,0,0
C04,OKB-E02,The vehicle identification number on the axle was traced to the Ryder rental truck used in the bombing.,Oklahoma City Bombing — 25 Years Later,https://www.fbi.gov/news/stories/the-oklahoma-city-bombing-20-years-later,Government / FBI,Established,The VIN is documentary/identifying information on a physical vehicle part; it is not classified as digital evidence.,1,0,0,1,0,1,1,0,0
C04,OKB-E03,Ryder rental records connected the truck to the rental transaction in Kansas.,Oklahoma City Bombing,https://www.fbi.gov/history/cases-and-criminals/oklahoma-city-bombing,Government / FBI,Established,Rental records are documentary evidence with a location association and financial/transaction context.,0,0,0,1,0,1,0,0,1
C04,OKB-E04,A composite drawing of the person who rented the truck was produced from information obtained at the rental location.,Oklahoma City Bombing,https://www.fbi.gov/history/cases-and-criminals/oklahoma-city-bombing,Government / FBI,Established,The sketch is documentary evidence based on investigative information and tied to the rental-location investigation.,0,0,0,1,1,1,0,1,0
C04,OKB-E05,Dreamland Motel records identified Timothy McVeigh as a guest in Junction City.,Oklahoma City Bombing,https://www.fbi.gov/history/cases-and-criminals/oklahoma-city-bombing,Government / FBI,Established,Hotel registration is documentary evidence associated with a documented location.,0,0,0,1,0,1,0,0,0
C04,OKB-E06,Chemical residue from the explosive was found on McVeigh's clothing after his arrest.,Oklahoma City Bombing — 20 Years Later,https://www.fbi.gov/news/stories/the-oklahoma-city-bombing-20-years-later,Government / FBI,Established,Physical/forensic evidence: clothing contained residue chemically associated with the explosive.,1,0,0,0,0,1,1,0,0
C04,OKB-E07,A business card on which McVeigh had written a note about TNT was found.,Oklahoma City Bombing,https://www.fbi.gov/history/cases-and-criminals/oklahoma-city-bombing,Government / FBI,Established,Physical documentary evidence containing written communication/information.,1,0,0,1,1,0,0,0,0
C04,OKB-E08,"McVeigh's fingerprints were found on a receipt at Nichols' home for 2,000 pounds of fertilizer.",Oklahoma City Bombing — 20 Years Later,https://www.fbi.gov/news/stories/the-oklahoma-city-bombing-20-years-later,Government / FBI,Established,The receipt is documentary/financial-context evidence and the fingerprint is physical/forensic; biological remains 0 under our definition.,1,0,0,1,0,1,1,0,1
C04,OKB-E09,Michael Fortier provided information about McVeigh's plans and the bomb plot.,Oklahoma City Bombing,https://www.fbi.gov/history/cases-and-criminals/oklahoma-city-bombing,Government / FBI,Established,Coded as testimonial/communication evidence; no stronger physical feature is inferred.,0,0,0,0,1,0,0,1,0
C03,UNA-E01,Shrapnel from a 1987 Unabomber bomb was recovered from the Salt Lake City bombing.,Unabomber Bomb Shrapnel,https://www.fbi.gov/history/artifacts/unabomber-bomb-shrapnel,Government / FBI,Established,Physical bomb-component evidence associated with a documented crime scene.,1,0,0,0,0,1,1,0,0
C03,UNA-E02,Recovered bomb components from Unabomber devices underwent forensic examination.,Unabomber,https://www.fbi.gov/history/cases-and-criminals/unabomber,Government / FBI,Established,Represents documented technical examination of physical bomb components.,1,0,0,0,0,0,1,0,0
C03,UNA-E03,"The Unabomber sent a 35,000-word manifesto in 1995.",Unabomber,https://www.fbi.gov/history/cases-and-criminals/unabomber,Government / FBI,Established,The manifesto is documentary and communication evidence.,0,0,0,1,1,0,0,0,0
C03,UNA-E04,David Kaczynski provided letters and documents written by Theodore Kaczynski to the FBI.,Unabomber,https://www.fbi.gov/history/cases-and-criminals/unabomber,Government / FBI,Established,The supplied writings are documentary evidence; the transfer of the material is a documented communication.,0,0,0,1,1,0,0,0,0
C03,UNA-E05,FBI linguistic analysis found strong similarities between Kaczynski's writings and the manifesto.,Unabomber,https://www.fbi.gov/history/cases-and-criminals/unabomber,Government / FBI,Established,Coded as documentary and forensic/technical analysis of written material.,0,0,0,1,0,0,1,0,0
C03,UNA-E06,"Agents found bomb-making components, including chemicals, metal/plastic pipe, wire, and other materials in Kaczynski's cabin.",Unabomber Cabin,https://www.fbi.gov/history/artifacts/unabomber-cabin,Government / FBI,Established,Physical evidence recovered from a documented location.,1,0,0,0,0,1,0,0,0
C03,UNA-E07,"Agents found approximately 40,000 handwritten journal pages containing bomb-making experiments and descriptions of Unabomber crimes.",Unabomber,https://www.fbi.gov/history/cases-and-criminals/unabomber,Government / FBI,Established,Handwritten journals are documentary evidence associated with the cabin and contain descriptions of crimes.,1,0,0,1,1,1,0,0,0
C03,UNA-E08,Agents found a live bomb ready for mailing in Kaczynski's cabin.,Unabomber Cabin,https://www.fbi.gov/history/artifacts/unabomber-cabin,Government / FBI,Established,Physical explosive device recovered from a documented location; coded only under the universal physical/location/forensic scheme.,1,0,0,0,0,1,1,0,0
